application_id,actual_default,pred_prob
501822,0,0.0001951970403833758
504853,0,0.00029127149389417893
506086,0,0.0002877204154839421
502931,0,0.0035291645259617303
503209,0,0.0009325787437106896
503114,1,0.0009923231476618322
505882,0,0.0012988711441226449
506447,0,0.004462988543353835
502720,0,0.0012456474067451015
504712,0,0.0009530595523401259
502697,0,0.00325973473994131
502643,0,0.0005515471477047973
505272,0,9.967691303223353e-05
501287,0,0.0013134019188959618
506894,0,0.00029135141933034624
503443,0,0.002258806487456403
505635,0,0.0397122138082235
505436,0,0.00017878924549133464
505695,1,0.00023538467141079086
502071,0,0.0003122176761100445
503702,0,0.0007072525535118804
501885,0,0.0005873555441043885
505853,0,0.0001279544929266376
505475,0,0.0001786596761309241
503103,0,0.0002540497831355847
502914,0,0.0014722102153830856
502399,0,0.00022987543379209967
505013,0,0.0003120593617788025
506399,0,0.0009025319970451817
502178,0,9.829543429659827e-05
503707,0,0.0003183652121122526
503070,0,0.17564778906440937
505664,0,0.0004339788214306587
503900,0,0.0033444688723597454
504404,0,0.0007575069044006099
505312,0,0.00029330022318402565
505909,0,0.00022527193880428207
506970,0,0.00016185690878381737
504544,0,0.00036912032902857404
504967,0,0.0003771291761694599
501038,0,0.000177288949311373
502353,0,0.00013356726200011474
501456,0,0.000513983410731652
503630,0,0.0053766257472983555
504888,0,0.0013948585636452825
501003,0,0.000699792493748622
505988,0,0.00016453336142139739
502861,0,9.938807309629099e-05
501923,0,0.0020918915191691905
503623,0,0.0001681138904997197
506887,0,0.00023149469558362033
504615,0,0.0005081310405081543
501903,0,0.0001558037500713797
505462,0,0.00019237115995390206
504733,0,0.0002198276765146349
504100,0,0.0012848746480864592
502922,0,0.0008632653447761086
503943,0,0.00012564541241461634
505984,0,0.0013174182350742017
503477,0,0.000358265652903394
502567,0,0.0006382833937663072
506023,0,0.00010701709118655845
504104,0,0.00021255333156286558
505181,0,0.00039437031339348375
503752,0,0.00011860922666434946
505987,0,0.000959889157583329
505377,0,0.001016428779914737
506348,0,0.000356090823003289
502651,0,9.455813565930395e-05
504738,0,0.0009674457214627775
501055,0,0.00021530149814016612
502489,0,0.0007056464223010362
505898,0,0.00019500027923527566
504937,0,0.0026248293844356235
501653,0,0.0004302552584049821
504886,0,0.001383726113987867
505217,0,0.0002141426654042172
503564,0,0.00031286507529354376
506404,0,0.0008812388453604917
504014,0,0.00021310622372752247
505324,0,0.00021134607524538838
505946,0,0.0006736348938444418
501469,0,0.0003030785600218158
506625,0,0.0005063283844323911
503989,0,0.002799440191045029
501005,0,0.0009981625197648006
504153,0,0.00010881543081700235
506504,0,0.0008387990015361508
505885,0,0.00031370392668200183
501273,0,0.0006059147655309261
505737,0,0.0002296596178900773
502982,0,0.002688803415498247
505574,0,0.0011304031028928256
505743,0,0.00027516183462088077
505249,0,0.001063168607091788
502809,0,0.003498332334158494
501117,0,0.0037936527181705163
502867,0,0.020233120248737482
502391,0,0.0003363297235174735
505814,0,0.0004292445527235131
506555,0,0.00010583681410017651
503658,0,0.0002633055307031861
502837,0,0.00033390218343960776
501264,0,0.0008929265774094079
503978,0,0.00026286899500789013
502174,0,0.0001612468894182098
504273,0,0.0005666554329046454
506366,0,0.00013123713822159135
503214,0,0.0002790641084201727
504883,0,0.002743644677685858
503703,0,0.0005155842968341703
502165,0,0.002150255527026841
506574,0,0.0002807185688833632
504509,0,0.0024375607740121266
504257,0,0.00013138119775901735
503785,0,0.0010226786171986153
501527,0,0.001838381913854651
504148,0,0.0007313901880365282
502294,0,0.003628470104633094
502323,0,0.0004866826712022085
503740,0,0.00020481135905203339
505044,0,0.00023952695934243207
504471,0,0.0003299766942484656
503745,0,9.698489727963043e-05
502320,0,0.00038031926313258506
506724,0,0.0012372202148369761
505640,0,0.0014460362302291213
506979,0,0.00011456019126317229
505514,0,0.00031083870351493865
506525,0,0.00031527927765544927
505345,0,0.00021043690811612563
503652,0,0.0002794403759442302
503918,0,0.0005077956999302534
501161,0,0.000188690972752522
505543,0,0.00022520563999113476
502313,0,0.013366298355833748
505042,0,0.0006370883095639984
505696,0,0.00013920474214232706
504186,0,0.0002835347533525084
503008,0,0.000177288949311373
501162,0,0.00025418731510255414
502469,0,0.0003338293404305912
505474,0,6.879771782668957e-05
506229,0,0.019641740362453815
503282,0,0.0007587159764369069
503251,0,0.0006161713220390274
502927,0,0.002800138629232609
501541,0,0.00027769503051448607
504542,0,0.00029585001263500216
504285,0,0.0002984858567553002
501628,0,0.000965240513338609
503053,0,0.0003318084473723317
505388,0,0.00020372475576471732
505058,0,0.00040838389801895467
504681,0,0.001560642794130248
504964,0,0.0003431074081346039
503145,0,0.0010800210056203863
505580,0,0.0001435615387959154
506345,0,0.0011622596639570006
506297,0,0.00048798475994534234
506850,0,0.00156846791350316
502934,0,0.0002280110707141528
506521,0,0.00013176736491589733
506320,0,0.00010720103911213384
506660,0,0.00020127342418872302
506469,0,0.00035862714581269247
502694,0,0.00014913877388223135
503446,0,0.00014289801267518447
502851,0,0.00029619935196268727
506639,0,9.567977537114177e-05
504432,0,0.0012224659138301078
504635,1,0.0008992525643602925
503513,0,0.0002003417604413522
501054,0,0.00022961478171896262
505527,0,0.00047837987318856493
501901,0,0.0006682120940681704
501066,0,0.0032449190630815085
502823,0,0.0006673912618446156
506680,0,0.0006201387606192226
501147,0,0.0003144425030757354
506130,0,0.00042465110195204605
506436,0,0.00022527193880428207
506817,0,0.00012168229953779186
504906,0,0.00037144273634085514
504239,0,0.0006354482009255044
506217,0,0.00020094421937330085
503075,0,0.00027276583466602955
506201,0,0.000470947121620028
501839,0,0.0002674092133691143
504546,0,0.00021149790066079098
505270,0,0.00028109275638445343
506686,0,0.00011347933892824901
506808,0,0.006205741832122742
502675,0,0.0005169059579193019
503061,0,0.0002469812654737641
501573,0,0.00017784813882379527
503178,0,0.036894478018832264
506559,0,0.0011746005973959463
504174,0,0.0005174900649668593
503695,0,0.0003969126231333793
503318,0,0.00048231574652713674
504819,0,0.0002494668677089078
505407,0,0.00014289801267518447
504191,0,0.0001628218088214396
504479,0,0.0004872949513215772
505125,0,0.0001900985535704382
501644,0,0.00041600620234643747
502398,0,3.624994639192967e-05
504484,0,0.0003934533314382801
502538,0,0.000254081191132379
502869,0,0.0001187020054352319
503585,0,0.00016495751206532528
503884,0,0.0008276437058033357
504933,0,3.659920538672021e-05
505180,0,0.000173891154428588
501831,0,0.00020615752695231468
502420,0,0.00013620636181132118
502690,0,0.0008556616550966044
503041,0,0.0011353436679026262
503862,0,5.1435872076912e-05
502340,0,0.00035351378689895893
502580,0,0.0002438450642426326
506239,0,0.0008335725254842521
505674,0,0.0005973542867968874
505244,0,0.0001318856146598541
503062,0,0.0007823758361008389
506373,0,0.00020101040561003766
506798,0,0.0007118870960223936
505167,0,0.0007186497238679057
505754,0,0.0014801296750149562
505018,0,0.00018590222361566285
505408,0,0.0015646926850716768
504040,0,0.0003263472942819868
506486,0,0.00028453609913292653
503815,0,0.00030693880621104604
506502,0,0.0002574724770579635
501748,0,0.00024012528760459703
501735,0,0.00029330022318402565
505482,0,0.00024091903580352093
506912,0,0.00892276516243488
504380,0,0.006937086761210954
503231,0,0.00018084240412844795
506592,1,8.401131204714036e-05
504151,0,0.000535748390799768
502572,0,0.0007667380896008339
504475,0,0.00019219048633204206
505799,0,0.0002970764086113408
503562,0,0.0005522824936544402
503902,0,0.000636351386252567
503803,0,0.001182454406461609
506368,0,0.0003504552490370017
505329,0,0.0024989226985118974
505840,0,0.0003156019890975373
506924,0,0.00018873699718108787
502585,0,0.0001168804973732092
506526,0,0.000284105045729943
503969,0,4.09244611800611e-05
506038,0,0.00022597309298196056
504318,0,0.00013607107012670892
505225,0,0.0016541585238969495
505235,0,0.0002641458356573743
504000,0,0.000296578536937301
501730,0,0.00020394164648321827
506776,0,0.0003975106701092642
503441,0,0.0004917718046443465
501359,0,0.0002158203307077228
501243,0,0.000386035325712474
503588,0,0.0002812856854852946
503806,0,0.0004527868576522142
506878,0,0.0002017550010168771
506413,0,0.0001558037500713797
506411,0,0.00019588141379791766
503797,0,0.00027643633701626236
501965,0,8.532236236817951e-05
503945,0,0.00025442879472402434
503314,0,0.00016857259698132207
505333,0,0.00010312597288031399
504543,0,0.0005692394201524035
503167,0,0.00020314128671119808
502878,0,0.00048250894270567473
501493,1,0.0005595830986419224
505154,0,0.00037518702383634536
506406,0,0.0001585552831700262
506523,0,0.00012217027176554022
505606,1,0.00016181562026126642
503791,0,3.624994639192967e-05
502145,0,0.00012465835227080566
503312,0,0.0015674816311186778
502471,0,0.00037166604823634676
503571,0,0.00013607107012670892
504608,0,0.004551985840210902
503721,0,0.0001358275916691852
504236,0,0.0002368978020314594
502456,0,0.017135840943349037
505907,0,0.0008049526781293745
504855,0,0.0002746625018243656
501927,0,0.00018970774840351045
501443,0,0.00038844580024451314
504861,0,0.0007135671840667353
506450,0,0.00024597897419498303
506934,0,0.00026775476903790935
502327,0,0.00035742682113584225
504467,0,0.00021561804769002654
505689,0,0.00010189865388672621
504036,0,0.00293539004349905
502944,0,0.0002626483844661873
503998,0,0.0003195438758689236
505862,0,0.0004058773607646802
502728,0,0.000474166363795812
502299,0,0.00013920474214232706
506904,0,0.0007238896083037494
502691,0,0.00039530136191554867
502338,0,0.00024483665150184554
501650,1,0.0004151559365585543
502540,0,0.0002212488992876063
504315,0,0.0005672110221190437
506991,0,0.0003542672173682025
505437,0,0.0009363685639622629
503383,0,0.0010040117648075818
502582,0,0.0001358275916691852
504558,0,8.861914576011792e-05
505595,0,0.0023364857345809487
505035,0,0.0009061121364592467
506603,0,0.0005313188637116001
501217,0,0.0289353843467103
501125,0,0.0005622042212553584
504550,0,0.0002007888261382042
504051,0,0.000567590062315293
506760,0,0.00020779312155600716
505428,0,0.00019022819277553563
506961,0,0.0019741162638928886
503389,0,0.0002318497673225466
506337,0,0.00034598502983739903
504818,0,0.0040762144675913145
504101,0,0.00010027193452028226
506109,0,0.00043186654365975403
501004,0,0.0001364451316333545
505716,0,0.00015322362413241293
506013,0,0.0032366120718088395
502603,0,0.00779823589812741
502995,0,0.00048076360915789816
505804,0,0.0020095266489608262
503492,0,0.0038062486148893646
505464,0,0.0025098666279054957
506926,0,0.0003691654686273743
501567,0,0.0001938565982598289
501778,0,0.006636285254794672
505651,0,0.00015642113737175052
501303,0,0.000706730321133378
504270,0,0.00047593981910990825
502366,0,0.0006065978580227723
506590,0,0.0002151700113976517
505900,0,0.0001049646680826732
505966,0,0.0015491558744780676
504536,0,0.00024536332156884486
506676,0,0.0001798283916034806
505114,0,0.0004063455596035175
505025,0,0.00018772616151571805
505158,0,0.00048225578144741926
503846,0,0.0003869860086753299
505550,0,0.000930891832467489
505940,0,0.0001528916311495779
505410,0,0.0005392120091793271
504246,0,0.0011347632394361142
503049,0,0.00023504322689085378
501908,0,0.00020236510063326033
506944,0,0.001766672316865376
504813,0,0.0004069290967980728
502068,0,9.675715942115681e-05
503415,0,0.00029848752573335323
505193,0,0.0006314300735016621
503136,0,0.0759883126455094
503836,0,3.628310474864547e-05
501774,0,0.00011795022893795275
504630,0,0.00017185742932605735
505501,0,0.0003362152880100583
505315,0,0.00050744214845451
502075,0,0.0003872313183452271
502723,0,0.00010369543330492496
504781,0,0.0006527240208971559
501996,0,0.0014117055621889803
504782,0,0.0022043257138877836
502841,0,0.00019795985797982563
503407,0,0.00010583681410017651
501188,0,0.00027439299946260587
505925,0,0.0019474598578107288
505700,0,3.54534119842306e-05
501094,0,0.0002023752092884875
503219,0,0.0002786098278721158
503529,0,0.00028669527569033087
501670,0,0.0003472784893850863
505834,0,0.004519554137999137
505359,0,0.00012471386219629752
503581,0,0.00018756156859324623
501633,0,0.011730679104302814
501729,0,0.00014305575871110567
501835,0,0.00035351378689895893
506936,0,0.00022102587098611675
502658,0,0.00024546304864850625
505680,0,0.0002668051409937943
501514,0,0.0005382671101845221
502958,0,0.0021425949757780736
506177,0,0.0003489388169107614
502647,0,0.0006171824853996965
501806,0,0.0005621317372953756
502615,0,0.00023686747752930154
501682,0,0.0007394565726459288
505323,0,0.0005101920095010925
503896,0,0.00026121642046470037
502291,0,0.0002571668147675819
506988,0,0.0002686106237725869
505105,0,0.017124202796582
505500,0,0.0002699272646749171
504768,0,0.00047032481129597007
501723,0,0.00033451144297598587
504205,0,0.0012224079783233917
505358,0,0.000954020747802457
503964,0,0.00022069947623228346
501506,0,0.0010800210056203863
506567,0,0.0002478382477735414
501046,0,0.0004727735071020325
506453,0,0.002995046897606504
503773,0,0.0006595159391830832
501695,0,0.0013891318336959433
501992,0,0.0004757621485113996
503731,0,0.007828486585018493
506492,0,5.453009689471346e-05
504996,0,0.00026904387125282987
505077,0,0.00022527193880428207
501127,0,0.0012446949386521566
505233,0,0.0001462405321779573
502214,0,0.0009086955125819277
504997,0,0.00034850574825142137
506249,0,0.0015202914605432275
506865,0,0.0032839506965727464
506055,0,0.0001504338666865184
503079,0,0.00026988006518874916
505952,0,0.00033465792172241435
506544,0,0.0007567586217915504
504605,0,0.00034819657058829243
506795,0,0.00030358059600359887
503121,0,0.00015695894083446468
506002,0,0.000604222187412869
502154,0,0.001323347195726908
505302,0,0.0006748598049277913
504639,0,0.0004319126299430657
506418,0,0.0006230112906954866
504256,0,0.00021900486151198365
502908,0,0.0002970764086113408
504486,0,0.00021852394838566043
502856,0,0.00048027923030137786
503966,0,0.00027177723758936833
501128,0,0.0004356634330020997
506634,0,0.00020032780225390757
506581,0,0.00045162019711848496
503593,0,0.0003773266786237279
504088,0,0.0001663663060817644
506024,0,0.0003216651953036689
506811,0,0.0005457898719411151
503466,0,0.00023952695934243207
503455,0,0.00019938892492545474
504480,0,0.00024091903580352093
501202,0,0.00217317169787879
506695,0,0.00035827239047038923
503987,0,0.000386035325712474
501495,0,0.0005346714640934178
503384,0,0.00034246473752649534
502477,0,0.0004381970522070515
505790,0,0.0007466776850333089
506145,0,0.001133126643100851
504894,0,0.0007278401252140899
501064,0,0.0001519522077640721
503812,0,9.224970406673847e-05
502511,0,0.01902537509628975
505203,0,0.0018698861386369106
506230,0,0.00022982363638631125
505253,0,0.00021530149814016612
506020,0,0.0010366876278699718
506615,0,0.00022054518270114295
505484,0,0.00037247192848643593
506664,0,0.0005822736287710049
503566,0,0.0006458758778328926
504893,0,0.0002397251001998953
502504,0,0.00019151554651419337
501604,0,0.0005649448613257065
506996,0,0.0004380515118470582
502072,0,0.00015296961613610937
506512,0,0.00011708131844243719
503047,0,0.000752233103918929
503484,0,0.00019037552360419245
505564,0,0.00031266924462870944
501989,0,0.0004542540802053071
503854,0,0.00019219048633204206
501114,0,0.00048704526929063414
501377,0,0.00017600926446630045
503152,0,0.000261751969594311
506196,0,0.0003723528637572528
502090,0,0.0002836003482519914
505509,0,0.0005537604782359502
506847,0,0.0003092445243882399
501016,0,0.0002212488992876063
502086,0,0.040911525332081984
503012,0,0.0001438390296433903
501483,0,0.0002832562288418385
504718,0,0.0003351287954500401
502731,0,0.00112109630836796
505290,0,0.00020541163332037037
505936,0,0.0009434486357157151
504262,0,0.0002746625018243656
506642,0,0.00048076360915789816
503962,0,0.0007430055655012275
504141,0,0.011103911244036558
505875,0,0.00019545596820547996
505986,0,0.0015841044568523663
501933,0,0.0016605839077355584
504817,0,0.00035217997672102236
505542,0,0.0003653420396292987
501036,0,0.0016092428862294734
504481,0,0.0002468409672858841
504746,0,0.00026995305031260144
503583,0,0.00021310622372752247
506204,0,0.0002567371283452883
502593,0,0.00012217027176554022
501815,0,0.0001358275916691852
502285,0,0.00026889677811923357
503661,0,0.0019962389902296943
502608,0,0.000406342565934335
503598,0,5.2424934454387186e-05
506108,0,0.00029330022318402565
505792,0,0.0006717538625619622
503011,0,7.706074748750762e-05
501776,0,0.0001709655346685112
502376,0,0.002938554576410652
503374,1,0.00020189768614526485
501782,0,0.0004981861778739386
502395,0,0.0005372343501865683
501419,0,0.00015305359084161782
505989,0,0.05652728678497196
506773,0,0.0002307187218819479
506478,0,0.003210144142979028
504327,0,0.000554878804803361
504137,0,0.00018710444301849263
505784,0,0.0011186972232290935
502634,0,0.00038505919237714935
504779,0,0.6901828354210843
503992,0,0.00020109088973600226
502481,0,0.0001318856146598541
501746,0,0.00033985674738678547
506749,0,0.00031864624781454293
502140,0,4.015135230790071e-05
504052,0,0.0003245177431200788
505051,0,0.0006829261708888955
504450,0,0.00015654451977909718
504525,0,0.00010326909636172495
506300,0,0.00022862862831567443
505368,0,0.0005754773400974476
503718,0,0.0011037535254148408
501386,0,0.0010451549413312436
506268,0,0.00041304739301788765
504613,0,0.0003772160779418256
505690,0,0.0002597490268477479
501680,0,0.0019362857428330575
506322,0,0.00029576228510953416
503144,0,0.0015550347133912773
506681,0,0.0006026159267423731
501872,0,0.00042752474456159546
505189,0,0.00026523854375643034
501724,0,0.0008681633956688122
506242,0,0.00010325029234339709
506821,0,0.001075875519256696
501329,0,0.0003975106701092642
504389,0,0.0005803636801915624
502317,0,0.15048369282157512
504424,0,0.0002730135269505505
503883,0,0.0024892631371328756
506484,0,0.0007292732647757672
503343,0,0.00014642526947657744
504420,0,0.0006431105376987934
504394,0,0.0007338710015097005
506185,0,0.0001086448892541034
503959,0,0.002080444863935787
504074,0,0.0015214515216440323
501855,0,0.00016704437112510293
503533,0,0.0001529340355069771
504807,0,0.00010388404533257147
506875,0,0.0007003366470874678
506161,0,0.0018030750100028298
504919,0,0.0006417552252657851
504179,0,0.0008360365466279162
502719,0,0.0008808706618115045
504362,0,0.0024177465810928775
504157,0,0.0003265806944386955
503891,0,0.00019999275244476247
503132,0,0.001122629701782433
504092,0,0.0002383341715360608
502333,0,0.0003685347287349031
506245,0,0.0005073924890559423
502341,0,0.00288719890301729
502745,0,0.007645948560487027
501584,0,0.0004044131410887946
506440,0,0.0003979261487373093
502763,0,0.006599150518981884
502265,0,0.0013291329034899816
505240,0,0.0004391603120324716
504317,0,0.00022119568194657363
506464,0,0.0009775020293970485
501255,0,9.825340094801048e-05
501381,0,0.00026799678407200654
505685,0,0.00014289524641937544
504190,0,0.0014014411244056306
505867,0,0.0002407675163799132
503768,0,0.00031331846770498887
502271,0,0.0006165584906269955
505164,0,0.000183337733454654
505325,0,0.0009871390463635774
503763,0,0.0004128400217775985
505931,0,0.0010634616280248755
505232,0,0.00011681861504783529
501613,0,0.002976742833496038
506212,0,0.000393966458699617
502131,0,0.00016403551012991402
506195,0,0.00048360607382240146
501931,0,0.0003028502931624743
504987,0,0.00012233371261966485
503908,0,0.0004913027186806268
505912,0,0.011770865605912156
501262,0,0.0026681153843676735
501077,0,0.000312110253004056
503576,0,0.00024679665853568396
501476,0,0.0005917234068175592
503508,0,0.0003898324994357172
501678,0,0.00037765194349811265
505774,0,0.026616134020912594
505839,0,0.01822953463413606
504866,0,0.0015082529076369789
503736,0,0.0027250267420829313
503954,0,0.0003367094158354588
505310,0,0.00014354546647123956
504774,0,7.400612633902359e-05
503304,0,0.00024994057555819993
505170,0,0.00014754233254892142
501191,0,0.0008163946912948956
503031,0,7.09257878590195e-05
503582,0,0.001355094430350473
506326,0,0.0005678301793442712
506220,0,0.0006370543822180563
502847,0,8.377893318484935e-05
501502,0,0.000876149017527858
504089,0,0.0004993662705489521
502309,0,0.0007987034626304912
505478,0,0.0003128077405170808
503254,0,0.000562757300068623
502660,0,0.00014645093287184217
506975,0,0.0003936309269004711
506771,0,0.00019938892492545474
503578,0,0.001123559866422491
502535,0,0.0007265523484752666
502597,0,0.011751259917580298
504365,0,0.0002094182515503826
504131,0,0.011863521180337257
504487,0,9.20442602195593e-05
505607,0,0.000780534195503626
501165,0,0.0026341409118103257
501560,0,0.00014464636861858868
503990,0,0.0003487102571638309
501251,0,0.00031026567273818043
506661,0,0.00020034487211305
501244,0,0.00031785064654811046
503826,0,0.0002888294761480736
504569,0,0.0002880084147283235
504592,0,0.00017436554096978525
504582,0,0.09598721182090592
505583,0,0.00019753074022876944
505934,0,0.0002661049854044838
504295,0,0.00010326909636172495
501414,0,4.944333463371104e-05
503220,0,0.00014289524641937544
504370,0,0.00021561804769002654
501706,0,0.00035827239047038923
501226,0,0.00023149469558362033
503869,0,0.0006131436458296617
503687,0,0.00016585278878305105
504069,0,0.0005721631975048582
506343,0,0.00026369632287474225
506211,0,0.0003840177258750221
504220,0,0.5760388817179563
502300,0,0.0005286036429376797
505371,0,0.0008795590300031964
503899,0,0.0003979261487373093
502157,0,6.893254325919206e-05
505913,0,0.00011424082780626218
505205,0,0.0005806775722662396
503710,0,0.00016583321356136062
501234,0,0.000332109476878403
501758,0,9.890706543981144e-05
502972,0,0.0002655113739815696
506783,0,0.00014800557141465216
503084,0,0.0005742692988262341
506306,0,0.00028308892210219096
501761,0,0.0005145597242758981
506549,0,0.00020109088973600226
505136,0,5.19679758679879e-05
504763,0,0.00012852986084534022
502947,0,0.0005480011633683595
505471,0,0.00013104263780799739
501392,0,0.00014289801267518447
503616,0,0.00032116481791111474
504144,0,0.0007910829341418718
506945,0,0.0005125411794636246
504063,0,0.00046264064975763404
505211,0,0.0007690328028369045
503741,0,5.166870944672004e-05
501472,0,0.0039842163780218695
502680,0,0.00010546779763474043
502817,0,0.0007452982315041174
502261,0,0.0004032612887414717
504927,0,0.000629735481669154
505545,0,0.0005610667175280866
505106,0,0.0004174370372703404
506110,0,0.00015697342142889314
504030,0,0.00022613891162802732
504797,0,0.0011622596639570006
506782,0,0.00048738131224076704
504801,0,0.0011457761917705344
505027,0,0.000717537554828598
501887,0,0.0006416151303476588
506234,0,0.0005874654643303306
505864,0,0.00019634736375714315
501652,0,0.000273765575136226
506607,0,0.0004132154562598729
505517,0,0.0011150934236853248
506986,0,0.00415227398493919
504119,0,3.200597004423052e-05
504150,0,0.0008729202512940756
506656,0,0.0007618941088657728
504620,0,0.00014289801267518447
506074,0,9.578828167860587e-05
502223,0,0.0004292849749326464
501740,0,0.0053397332601317375
504377,0,7.339275032028017e-05
501879,0,0.0004022296435160641
505924,0,0.00011130198978483494
505153,0,0.0010892839394624303
502609,0,0.010319266175542222
502495,0,0.00023540277879329063
505344,0,0.0005302785471623781
501869,0,0.0014634800340635045
503457,0,0.0006159814116839297
501783,0,0.14961777752202107
506073,0,0.0006387130823744481
503174,0,0.00014778995262296633
505540,0,0.0010655752918097483
502998,0,0.000740718642114833
506034,0,0.00019513721865222776
501098,0,0.00017694425599979548
504840,0,0.0007613753030754201
501457,0,0.0001358275916691852
505332,0,0.00033633459252432136
503055,0,0.00011258796833882807
504301,0,0.000412748299550713
502321,0,0.0007080004439480629
501975,0,0.0003307444400806382
504062,0,0.00025826816638242723
504465,0,0.00030943881233718286
503064,0,0.00018772616151571805
502657,0,0.00013516476700380152
503300,1,0.002716543426795304
502169,0,0.00020725863195486367
505279,0,0.0006460706131561271
501002,0,0.00014138853040381852
506125,0,0.00038517898412838877
503625,0,0.00023700742721098554
505523,0,0.0002004225452689124
503671,0,0.0005471952005576246
502259,0,0.00019844099242426896
505537,0,0.00014289801267518447
504378,0,0.0005445632691578473
506171,0,0.9963809030910864
504060,0,0.0034740979569933485
502506,0,0.00019204056508697543
501952,0,0.0003980525456595302
503157,0,0.00011069187614167005
503921,0,0.0004021217244443584
504155,0,0.0005050365161519163
504173,0,0.0047169348317654194
506202,0,0.0003298197509475872
504289,0,0.0006681852241351638
501203,0,0.00021836975647630268
504111,0,0.00023328115539054785
506976,0,0.00015199357491642667
504276,0,0.00023149469558362033
505942,0,0.00013602597667260733
504211,0,9.329546188409059e-05
501155,0,0.00019246830296205012
503861,0,0.00018680812208650218
504169,0,0.0002416243022757971
503177,0,0.0001851711142856813
501841,0,0.00020109088973600226
504391,0,0.0002657278912623952
504968,0,0.0005334275377895802
506312,0,0.0021806619585136417
504969,0,0.0007575177520299806
504709,0,8.143448363448604e-05
501053,0,0.00015320331336993471
505666,0,0.00016453336142139739
501858,0,0.00014616790330346108
505807,0,0.0002060304104421868
506646,0,0.00010465515734864168
504344,0,0.0004078159358556078
503766,0,0.0002397193174466382
501179,1,0.06271576529118456
503942,0,0.0011567412821479868
501674,0,0.00038084890931569185
505599,0,0.0002087655541047419
502770,0,0.0002734727242906932
501610,0,0.00018465320556573136
505793,0,0.0006455441758292372
503639,0,0.0007509939905247904
505274,0,0.0011772490509096177
501390,0,0.0002602660697659539
502252,0,0.0003326587063898089
502474,0,0.0036594031460221235
505016,0,0.0001525709802136389
506752,0,0.0002794403759442302
503901,0,0.00020656778662721503
503196,0,9.284069072844704e-05
504534,0,0.0017652512642852085
501666,0,0.0030224375079901805
506359,0,9.465162674909675e-05
503767,1,0.0029264489186233934
501508,0,0.0009552038826510061
505183,0,7.017943834187656e-05
506184,0,0.00019300471903794806
503764,0,7.991786711115197e-05
503351,0,0.0002012584443970897
506351,0,0.0006270682990605767
505197,0,0.0003043697261759002
504623,0,0.00016153135628576177
505071,0,0.00015832481365183178
505182,0,0.0007405529958058225
503502,0,0.00033617794138877623
506248,0,0.00019219048633204206
505791,0,0.00023578144215910378
501433,0,0.00016994483071212292
505541,0,0.0010320373665531246
506382,0,0.0001296181993415595
501402,0,0.00023297239945515452
504321,0,0.0005266950833202691
506736,0,0.00021926889986645926
504679,0,0.00035367061751209207
506562,0,4.028983031618956e-05
505218,0,0.0005073247022323836
506120,0,0.0007445616004217226
506599,0,0.0008395549262042905
504436,0,0.00020241614874338222
502148,0,0.00030445568575161535
503926,0,0.04394366967881712
504275,0,0.0010385102191561397
502176,0,0.00023881630398265912
505548,0,0.00023654028188875044
502996,0,0.0004527107170124695
505544,0,0.00021534311084797354
504099,0,0.0017368755088993195
503563,0,0.003588223161725665
501962,0,0.00024808564925307117
502865,0,0.0006712544808937732
501319,0,0.0001558037500713797
505336,0,0.00047911383435667477
506917,0,0.0041698903901019775
503737,0,0.018149326391765686
506363,0,0.0002811993096334174
501599,0,0.00024946241888233457
505712,0,0.0001792398823578504
504673,0,0.0007627487549143677
505835,0,0.0006330197237854377
505080,0,0.0010454136568666455
506289,0,0.0006330499133285361
504674,0,0.00033299156192944453
506325,0,0.0003871793413081362
503044,0,0.0014550417987427857
502685,0,7.395287360877421e-05
503647,0,0.0001157680105593696
503536,0,0.000655265417239467
501257,0,0.00013920474214232706
504974,0,0.0001558037500713797
503650,0,0.0004421193721846654
506703,1,0.000674754908977636
506476,0,0.00038501821091510926
501802,0,0.00030485482177282553
502912,0,0.00019363605669750893
503191,0,0.0016152185593521797
504776,0,5.366965842568212e-05
504566,0,0.0002201086147437111
503932,0,0.00028864923800214255
505803,0,0.0002984005810017522
501945,0,0.00014289524641937544
502945,0,0.001380225025668997
503063,0,0.00010614213974791749
504105,0,0.00011634794521541974
501834,0,0.0001512821143802155
506375,0,0.000498024396900196
504086,0,0.0002397193174466382
505162,0,0.008073428016604758
502969,0,0.0005249740462789193
506428,0,0.00011110838987362483
502866,0,0.0005161387756197008
502928,0,0.004315555813448754
501199,0,0.0003432525138406897
501246,0,0.00029330022318402565
501528,0,0.00010687095042777083
506552,0,0.0003979261487373093
502840,0,0.00048001434356939246
506402,0,0.0003088030080128551
502226,0,0.000485183326605463
505289,0,0.0002970764086113408
503279,0,0.00010297788057387482
506981,0,0.0004182637583752469
505508,0,0.00047643821176805425
505832,0,0.00011501952540477613
506294,0,0.00020042642495101936
506081,0,0.0005006969008898027
503166,0,0.0014085909395513822
506730,0,4.09244611800611e-05
503404,0,0.00048195009092793595
501863,0,0.00044598845502182043
503069,0,0.00022678835996047
505101,0,0.0002296633577607981
503761,0,0.0008775366921005435
502000,0,0.00013333102687033198
503341,0,0.00029551497524960674
504617,0,0.00012206812627897694
505735,0,0.0005043513428470058
505171,0,0.0004960034721629429
504785,0,5.740398951822366e-05
506113,0,0.0001318856146598541
505190,0,0.00023743392527527751
506665,0,0.0003979261487373093
505518,0,0.005614860071561834
504456,0,0.00011501952540477613
502074,0,0.00017207007538867796
501529,0,0.0001871426484727903
506794,0,0.0004803703961016475
506518,0,0.02399053887013011
504600,0,0.00023963489809746498
503467,0,0.00014289801267518447
501238,0,0.0001318856146598541
502407,0,0.0010322647459840811
503838,0,0.00018561110500789964
501823,0,0.00048361777951930445
505669,0,0.0003008484291557226
506937,0,0.006918547240544766
505930,0,0.0001558037500713797
504823,1,0.0003150771645002372
502024,0,0.0025964842773718226
505481,0,0.00014885926120140978
504268,0,0.0001318856146598541
503260,0,0.00031527927765544927
504091,0,0.00012673390876263106
504943,0,0.0003532288670661594
501060,0,0.0003406271980465321
504633,0,0.00029573266455587316
503984,0,0.00011440630382698308
505904,0,0.0005970839628492454
504035,0,0.4955883368993761
506516,0,0.00023568468901262395
502539,0,0.0035431976249484546
504328,0,0.0006984126783203303
504143,0,0.0006080785064692265
504677,0,0.000539934213322124
503159,0,0.0001201876982850701
503413,0,0.00048076360915789816
501881,0,0.0003562644552055925
501009,0,0.0035304996146468966
503138,0,8.754351071044573e-05
504944,1,0.0005707868269672012
501204,0,0.0003487635299510737
506454,0,0.6649187893320161
502030,0,0.0003070685198350201
506048,0,0.00012217027176554022
501393,0,0.0003720876268386803
501074,0,0.0008005281013328397
501034,0,0.0002701864437375464
504194,0,0.0006994667238603703
504007,0,0.00013738565530229294
501720,0,0.00023186505176566116
502352,0,8.642602707574657e-05
503090,0,0.0004050742982581601
501540,0,0.006097384993329979
506173,0,0.0010117995414633022
506279,0,0.00022685308837273866
503236,0,0.006056242146772533
506452,0,0.0010660172968675768
504511,0,0.019433170994565353
501010,0,0.0025212630130391728
502359,0,0.007024865744519152
502775,0,0.0005525257671343264
506727,0,0.00028453609913292653
502175,0,0.000495099050584084
502380,0,9.288739578477225e-05
505665,0,0.0001616971118556501
504553,0,0.0001512821143802155
501998,0,6.565888141062113e-05
504224,0,0.001718973874038413
502876,0,0.0016406747658488181
502542,0,0.0013653224969637104
503819,0,0.00020395999731845973
501862,0,0.0004919855274062704
504209,0,0.00048689351268346373
506181,0,0.0002438064201100971
506620,0,0.000215097111958241
502784,0,0.0004169837852244566
502645,0,0.00020169819175281737
505238,0,0.005940491167210631
506149,0,0.0001578170821969358
504383,0,0.00018752662203027433
505533,0,4.1186932338679576e-05
503181,0,0.004273001042286693
501860,0,0.0015424805388149852
503723,0,0.0007869190415088494
501516,0,0.00021561804769002654
501947,0,0.012993785478295865
504452,0,0.00012822583881309273
503000,0,0.00035691918015210675
502983,0,0.0010206404735818378
503929,0,0.0002546446778060348
503478,0,0.00044706943560380885
505393,0,0.0004390329517651304
504455,0,0.00029511391226504953
503014,0,0.00011934748834956967
504306,0,0.0006862928765642149
504700,0,0.00016901216550501203
502747,0,0.0008532777599231127
501768,0,0.0002766717456769654
502211,0,0.003743245395283077
501832,0,0.000173283308179316
501339,0,0.0012486750769798158
506594,0,0.00024807631837386494
504765,1,0.01830309160475686
505096,0,0.00031299871057535316
505876,0,0.000296129107949303
502819,0,0.00010603621005164051
502736,0,0.0002784187981831988
506586,0,0.00027200415549849907
503172,0,0.000504106312255042
502766,0,0.00023836559647855482
504300,0,0.0005035764485716278
504408,0,0.0001318856146598541
502001,0,0.00036351516445379956
505392,0,0.00038505919237714935
505546,0,0.00022649803431883401
502973,0,0.00033605111431267
501208,0,0.00011345393967297275
501192,0,0.0012079424235555488
506305,0,0.0011746772491252541
502397,0,0.00017546030798900838
506985,0,0.00038013427181814993
502870,0,0.000187562928069026
503096,0,0.00024807631837386494
506029,0,0.00018415585736751935
506299,0,0.0001519522077640721
505250,0,0.01072822041817192
505178,0,0.0005278747537616087
504714,0,0.0002542563003958156
501347,0,0.0001358275916691852
503757,0,0.00018675525164816233
504429,0,0.0007130877661842557
506658,0,0.00012296760936688074
505593,0,0.004293401802660124
503093,0,0.000404018480930626
501959,0,0.00044616332373498637
506393,0,0.0005372328477201763
502004,0,0.0005145010454610362
502069,0,0.0002003629973586678
505621,0,0.0011563496235059488
501804,0,0.0002778227306379561
503829,0,0.00020824056331394041
503514,0,0.0006638352467873183
503811,0,0.00024008247563668124
504402,0,0.002614178210467318
505259,0,0.0001633936958358398
504531,0,0.0018122117362564315
501980,0,0.0001512821143802155
501836,0,0.0002416524325210163
503397,0,0.00041326327630136994
502805,0,0.0001823097317670121
506906,0,0.017195401260021736
506742,0,0.0004736035134254661
506882,0,0.00021191168778053889
503795,0,0.0003512913863096158
502037,0,0.00030014436382714513
504557,0,0.0002409280975411764
503935,0,0.0001639138471397935
501149,0,0.0003163211101370272
502807,0,0.0006555818175775783
502774,0,0.00023186505176566116
503802,0,0.0007947234513629466
506688,0,0.002313974691915
504666,0,9.674347294527869e-05
505308,0,0.0008335291110046511
503046,0,0.00024789080036188404
506316,0,0.0001512821143802155
504204,0,0.0030577110992390504
502652,0,0.0004890987514563872
502705,0,0.001732308257039203
505773,0,0.00024499761751376636
506940,0,0.0003503916337696333
503642,0,0.00023574127980236049
502164,0,0.0002007888261382042
505860,0,0.00010346383482809554
505113,0,0.0004981861778739386
502227,0,0.0006859328575415318
506645,0,0.004849814660392106
501406,0,0.0001869669585426292
503841,0,0.016404999137615187
503408,0,0.0005065980320642255
501972,0,0.0002574492670931027
504756,0,0.0003152922874260065
504632,0,0.00013436988353866504
504538,0,0.0001336160239889664
503345,0,0.002500290130360286
503074,0,0.00033711603905130997
505062,0,0.0002067740721037199
502698,0,0.0031879826671510816
505914,0,0.018332145065792824
503638,0,0.0003321259980052226
503868,0,0.013975521083175459
503961,0,0.00020823653240397775
506218,0,0.016688337929107754
506387,0,0.00011862460932798315
504180,0,0.0003953756771102711
502832,0,0.00019447662500989026
501343,0,0.0004322242412659222
504957,0,0.0007385867654730511
501144,0,0.0004193864676774362
505296,0,0.0011761560905158553
502085,0,0.00020109088973600226
501824,0,0.00033178683752042485
505115,0,0.02740975180635373
503089,0,0.00025918583971103876
501549,0,0.0005020286529433742
503141,0,0.0001639138471397935
506293,0,0.00020082477821770076
505003,0,0.00021175898044890386
502551,0,0.0002212488992876063
504585,0,0.00045988594473492
502772,0,0.00019219048633204206
503176,0,0.6721221787157109
505006,0,0.0006089633605377547
501304,0,0.00014096464936462358
505947,0,0.0003290125407530499
503758,0,0.003984268163944573
504225,0,0.00016298027935688817
503346,0,0.0003132360401487264
504359,0,0.00020101040561003766
503052,0,0.00025627930367770147
502257,0,0.00011679243128023458
502708,0,0.005249760947733848
506015,0,0.00036899954924111153
505391,0,0.0002790641084201727
501282,0,0.00043559310023471773
504810,0,0.0001558037500713797
503065,0,0.00017953658285577568
503072,0,0.0011634947323888466
505618,0,0.015875189865813547
505645,0,0.00040503773838040073
501387,0,0.0009221598211305293
504732,0,8.931191502923999e-05
505728,0,0.0002970764086113408
505602,0,0.009723798829373112
503004,0,0.006701803626144916
506720,0,0.0002692804680161109
504597,0,0.002079998225679831
502836,0,0.0007812710313823822
503425,0,0.00026632826451396133
506172,0,0.00041526797233381403
506666,0,4.551694992412348e-05
503363,0,0.0007743952097085238
504664,0,0.0008399710698983384
506725,0,0.00031145202068938216
506254,0,0.0001187020054352319
501943,0,0.0003525845211278329
506347,0,0.0014542690563663385
503590,0,0.0005925996844014259
506282,0,0.00014289524641937544
503684,0,0.0002970764086113408
506280,0,0.0002930783218705988
501733,0,0.009376502658953925
502150,0,0.0005468926013047983
502692,0,0.0003015930644439197
502586,0,0.00035324421753560873
502127,0,0.00027490105284193615
504006,0,0.0005573633930009435
505265,0,0.00012520789587234233
505179,0,0.00018283707590856287
504338,0,0.00011135872512472802
504841,0,0.00013747191345923266
503418,0,0.0002666578197149381
501154,0,0.0002212488992876063
503739,0,0.0013739719281224711
506735,0,0.0010180163388402584
501397,0,8.375852345151066e-05
504521,0,0.00013693682921866844
501618,0,0.0002453690478621572
501983,0,0.00011905492857994795
502716,0,0.00041326327630136994
503774,0,0.0001358275916691852
504334,0,4.015135230790071e-05
504217,0,0.005793130296188828
503010,0,0.0004094593058301752
506903,0,0.0005101235482219433
506597,0,0.0001639138471397935
503076,0,0.00023149469558362033
502054,0,0.00021480700034412622
504349,0,0.0013989257352509583
501777,0,0.0010358734785246022
503489,0,0.0003375156797618582
503808,0,0.0027936566299902456
504454,0,0.00021591226091986876
502284,0,0.00014013813020007822
506862,1,0.011225292105511677
506745,0,4.927194530655856e-05
501813,0,0.002057650166834105
506832,0,0.000618874303791212
506796,0,0.0001051592003474683
501517,0,0.0007608571955372675
505411,0,0.00028447105394009665
501993,0,0.00026241179991864005
501131,0,0.0012352745592017248
502920,0,0.000567990334751904
504314,0,0.00027709431526890254
502342,0,4.70916414550126e-05
503505,0,0.00013552676352307326
501928,0,0.02118486089187408
501312,0,0.001182500904199175
501566,0,0.00031276722522425855
505086,0,0.0003005370887935516
502900,0,0.04120062256543552
502829,0,0.00010973572454593618
503356,0,0.0002904947577421902
503168,0,0.01627199343510237
505708,0,0.0004148893854156708
501543,0,0.0025816327588400302
506803,0,0.0002219871660456673
501716,0,0.000375191707827046
503762,0,0.00027653888235355567
503369,0,0.0004366694983658911
505965,0,0.00012956605248650192
502400,0,0.00023757440115537855
505224,0,0.007573370771484925
505766,0,0.0007081424150682374
503790,0,0.00021554389367344387
505144,0,0.00023020355437205754
502616,0,0.00024830856039408317
502369,0,0.002062627276532897
505089,0,0.00038427360442050434
501340,0,0.0001150514271761202
506188,0,0.00013866545729037747
503392,0,0.00010349332460760586
506786,0,0.013841352721364858
502617,0,0.00024931162732524573
504118,0,0.00020823653240397775
502315,0,0.0011005680842314923
503879,0,0.00028587737838577153
504360,0,0.0009186794542337843
502276,0,0.0011461278915095414
502129,0,0.00027104148192749
505034,0,0.00976133735581199
504896,0,0.0011610007709051016
501479,0,0.0002984500109042036
502734,0,0.00029102419116681087
505775,0,6.565888141062113e-05
501607,0,0.00022965767222000104
502637,0,6.565761027123062e-05
502364,0,0.0003956981299567524
503272,0,0.00029833426451414624
503208,0,0.004095926314222433
503709,0,0.000943612470350385
505890,0,0.0004483130146186824
503204,0,0.00016598584981565185
506468,0,0.0011652348384541586
506907,0,0.0005826521269496917
506919,0,0.0018260495972389173
502699,0,0.0002954709818144056
502374,0,0.0011088656413735932
504336,0,0.00014875642462283415
506098,0,0.00010274548633467474
504890,0,0.0011178719225123546
501322,0,0.0002786098278721158
505065,0,0.0001512821143802155
502989,0,0.0003565507323536198
501937,0,0.00010329773937528319
506942,0,0.00019755522427926305
505108,0,0.00023789714687075247
506551,0,0.00046539427890745794
505948,0,0.0004436165678797462
501793,0,0.0005428721719770807
506028,0,5.001659383323059e-05
502163,0,0.00010689807594458454
501146,0,0.00015426931864112638
505778,0,0.00022017563613361323
504409,0,0.0002880084147283235
504773,0,0.0020189625903723964
504496,0,0.0007324608996579901
504083,0,0.00046105197413629146
503040,0,0.0003536921543298308
506933,0,0.0002960259622206859
501904,0,0.00019252065119976052
502676,0,0.00013024257516079074
501705,0,8.790130449387857e-05
503155,0,0.0001358275916691852
503549,0,0.0003574802208679691
504253,0,0.0005384031250172506
503729,0,8.495217767513616e-05
501116,0,0.00021310622372752247
504787,0,0.00020109088973600226
502532,0,0.0007574794938593472
506407,0,0.00033986275999918985
504548,0,0.00023121337521367415
503472,0,0.01127495399932559
503651,0,0.00181496008042382
504897,0,0.002327099097086783
505116,0,0.0024366130298309947
502798,0,0.0003120593617788025
503495,0,0.0001318856146598541
504013,0,0.00014289801267518447
505185,0,0.0005384405199796022
501468,0,0.0006800489948433831
501711,0,0.0007511669249497337
505859,0,0.00021175898044890386
504724,0,0.0005882027355848972
506283,0,0.0007024780800129907
501673,0,0.001015548231408526
504682,0,0.00021734106181465614
501833,0,0.0004039925620030864
502984,0,0.0006896080062248792
504834,0,0.0001596298329739203
504312,0,0.0039337901399195555
502881,0,0.00033057169631003485
505632,0,0.006851787667205263
502091,0,0.00040437825730168543
503798,0,0.0003189919431893246
506417,0,0.00011677574696892478
506241,0,0.00828377413554426
501963,0,0.000336623450856419
501337,0,0.0004299565881095595
504335,0,0.0004928753684195078
505457,0,0.00039970192026888386
505971,0,0.0009301797076564279
505222,0,0.0013090389401056617
504803,0,0.0004032612887414717
503295,0,0.00010906284959364735
504124,0,0.00113817310810585
501960,0,0.0002807178355410509
506334,0,0.0004540246608450622
501331,0,0.0001358275916691852
504618,0,0.00022107611338935927
501563,0,0.0003120593617788025
505850,0,0.00012296998989843753
503095,0,0.0002588911705818785
503621,0,0.002109831630600197
505809,0,0.00011501952540477613
503449,0,0.0006786683916843273
501225,0,0.0005879013424516362
506683,0,0.00046787292491254123
502648,0,0.000360911197188532
505031,0,0.0004389129198221617
504403,0,0.00040118090860594613
502191,0,0.40485566018760183
502553,0,0.0002479951815800728
505929,0,0.0012819641486863681
504134,1,0.00037189589994866606
506032,0,0.0008993495903895883
502305,0,0.00021431338132821626
502429,0,0.002170820423342726
506855,0,0.0016365097164826425
505073,0,0.00020109088973600226
503981,0,0.0002625381335224136
504497,0,0.004659751517368289
506598,0,0.0003263722163108127
502288,0,0.0007407448112346504
506036,0,0.00034547177876671
506914,0,0.0001958577581578641
503120,0,0.0003019261305151242
502249,0,0.0007746258016739351
502815,0,0.00024737965583619724
501893,0,0.00026023655133397663
504492,0,0.00079369094379832
504750,0,0.0002869080224125876
502854,0,0.0003872313183452271
503765,0,0.00038608187341842144
501237,0,3.5461946515284246e-05
503747,0,0.0005898764840031595
503088,0,0.0005631353739227954
501922,0,0.00017870070881874147
503221,0,0.0005319786597581081
505709,0,0.0003800424456964769
502025,0,0.0006851315557002208
501040,0,0.0002522404271388615
506491,1,0.11253451931312689
503216,0,0.0005459468052084493
501955,0,0.00033623496259312276
504547,0,0.0006116650312219977
505623,0,0.0006209274857983404
505246,0,0.00017889519057308773
505738,0,0.00022118036018806757
504680,0,0.0002812856854852946
505255,0,0.00027116347870269656
502200,0,0.00025490719396637315
506004,0,0.0012742967060575664
504483,0,0.0005970717789197772
505598,0,0.0012063302732992119
502156,0,8.861914576011792e-05
504507,0,0.0007300966124997863
505281,0,0.0009962001402197382
501421,0,0.0004764420037370845
501227,0,0.0004917718046443465
503527,0,0.0003158777642282284
501621,0,0.0015524209202223188
504398,0,0.00032656421973390295
503512,0,0.0003753378881906734
502021,0,0.0005574248563728547
501134,0,0.00013172303802528156
504760,0,0.0002607007644834274
503125,0,0.0003715331076710319
506266,0,0.0005845788607579773
502727,0,0.000192360714314112
506272,0,9.146394129115413e-05
506831,0,0.00030980093320869104
504422,0,0.00019204056508697543
506759,0,0.0002397193174466382
504500,0,0.00032684765597664183
503844,0,0.00017984408424568825
506881,0,0.0007561278249312007
506466,0,0.00036858096815404096
501490,0,9.894181679352015e-05
505812,0,0.0006281551144692286
506576,0,0.00047941857177157573
505479,0,0.0001318856146598541
504214,0,0.0004105669559926145
501138,0,0.00011845744547443998
504804,0,0.00019026965129595317
503776,0,0.002795382782277388
503278,0,0.0003994425585811701
503419,0,0.00019239081510345377
501929,0,0.00011862460932798315
502631,0,0.0009029064470960822
504411,0,0.0054199201834062415
501910,0,0.0018909276077755553
506868,0,0.0015942937693511456
506070,0,0.0004433847718663505
505037,0,0.0007925528806647603
501364,0,0.0008663041515395668
506819,0,0.00044421882642797485
501984,0,0.00029330022318402565
501640,0,0.00043479182498944695
503206,0,0.00011688546811351391
505534,0,0.00043905120022691825
501612,0,0.0003058861405035202
502527,0,0.0002658702864092662
505901,0,0.00030073716411983125
505617,0,0.001439653919456948
502990,0,0.0006321410339613436
505776,0,0.0005372328477201763
504024,0,0.00018783194888986006
503619,0,5.5730060980373105e-05
503759,0,0.0055356780311264266
505504,0,0.0010020589981471824
506191,0,0.0010221158230703828
506949,0,0.0011996580716322645
502159,0,0.0006586611760452059
504637,0,0.00016913020308747636
501968,0,0.0009642579262844631
503950,0,0.10697901669362089
506369,0,0.0001729336899730997
502492,0,0.0001422913854281379
506838,0,0.007318237155453195
505979,0,0.00044786089491137787
505347,0,0.0016327489446300565
505970,0,0.01966922139393963
503996,0,0.0005865186755014589
504426,0,0.00021730879841196508
501172,0,0.0005233390930329355
501119,0,7.173578694101641e-05
502078,0,0.00025895994640069204
505273,0,0.00039034038516303345
505854,0,0.001283310521880865
502583,0,0.0001958577581578641
502310,0,0.002311238980935578
505958,0,0.0005769804403899565
506458,0,0.0013998204984362655
505713,0,0.00029304412626390483
506412,0,0.0009480888021456068
506864,0,0.0030758455605883533
505725,0,0.00028430799841528683
503123,0,0.00019219048633204206
502193,0,0.0005976653977002453
501578,0,0.0002212488992876063
504567,0,8.245256886671468e-05
501366,0,0.0005253723118230639
502263,0,0.00022850037424692043
